Algorithm ,col2,col3,col4
VRP-SCEN_CUTS-NODE ,2.4520211,54.92764999999999,19
VRP-SCEN_CUTS-NODE-BENDERS ,2.5566206,58.40369999999999,19
